id,name,bn_name,description,address,website_url,facebook_url,twitter_url,linkedin_url,youtube_url,email,phone,origin_country,created_by,created_at,updated_by,updated_at,organization_type
1,BRAC,ব্র্যাক,"বিশ্বের বৃহত্তম এনজিওগুলোর মধ্যে একটি, যা জনস্বাস্থ্যসহ বিভিন্ন খাতে কাজ করে।","BRAC Centre, 75 Mohakhali, Dhaka-1212",https://www.brac.net,https://www.facebook.com/BRACWorld/,https://twitter.com/BRACworld,https://www.linkedin.com/company/brac/,https://www.youtube.com/user/brac,info@brac.net,"+8802222281265",BANGLADESH,"admin","2023-10-26 10:00:00","admin","2023-10-26 10:00:00",NGO
2,"icddr,b",আইসিডিডিআরবি,"সংক্রামক রোগ, মাতৃস্বাস্থ্য এবং পুষ্টির মতো ক্ষেত্রে জনস্বাস্থ্য গবেষণার উপর দৃষ্টি নিবদ্ধ করা গবেষণা সংস্থা।","GPO Box 128, Dhaka 1000",https://www.icddrb.org,null,null,null,null,null,null,BANGLADESH,"admin","2023-10-26 10:00:00","admin","2023-10-26 10:00:00",RI
3,Marie Stopes Bangladesh,মেরি স্টোপস বাংলাদেশ,"পরিবার পরিকল্পনা এবং মাতৃস্বাস্থ্য সহ যৌন ও প্রজনন স্বাস্থ্য পরিষেবা সরবরাহ করে।","বাড়ি ৬/২, ব্লক এফ, লালমাটিয়া হাউজিং এস্টেট, ঢাকা ১২০৭",https://www.mariestopes-bd.org,https://www.facebook.com/MarieStopesBD/,null,null,null,info@mariestopes-bd.org,"+88029116671",BANGLADESH,"admin","2023-10-26 10:00:00","admin","2023-10-26 10:00:00",NGO
4,Gonoshasthaya Kendra,গণস্বাস্থ্য কেন্দ্র,"গ্রামীণ ও সুবিধাবঞ্চিত সম্প্রদায়ের জন্য সাশ্রয়ী মূল্যের স্বাস্থ্যসেবা সরবরাহকারী জনস্বাস্থ্য সংস্থা।","Mirzanagar, Ashulia, Savar, Dhaka - 1344",http://www.gonoshasthayakendra.com,http://www.facebook.com/gksavar,http://twitter.com/gksavarHQ,null,null,infogkhq@gmail.com,null,BANGLADESH,"admin","2023-10-26 10:00:00","admin","2023-10-26 10:00:00",NGO
5,Bangladesh Red Crescent Society,বাংলাদেশ রেড ক্রিসেন্ট সোসাইটি,"দুর্যোগ ব্যবস্থাপনা, স্বাস্থ্য পরিষেবা এবং কমিউনিটি উন্নয়নে কাজ করে।","৬৮৪-৬৮৬, রেড ক্রিসেন্ট সরণি, বড় মগবাজার, ঢাকা ১২১৭",https://www.bdrcs.org,https://www.facebook.com/bdrcs/,https://twitter.com/bdrcs,null,null,info@bdrcs.org,"(880) (2) 48310188 / 48310189",BANGLADESH,"admin","2023-10-26 10:00:00","admin","2023-10-26 10:00:00",NGO
6,Friendship,ফ্রেন্ডশিপ,"দূরবর্তী সম্প্রদায়গুলিতে স্বাস্থ্য পরিষেবা এবং শিক্ষা প্রদানকারী এনজিও। ভাসমান হাসপাতাল পরিচালনা করে।","Ka-14/2A, Baridhara North Road (Kalachadpur), Dhaka – 1212",https://friendship.ngo,https://www.facebook.com/FriendshipNGO/,https://twitter.com/Friendship_NGO,https://www.linkedin.com/company/friendship-ngo/,https://www.youtube.com/user/FriendshipNGO,info@friendship.ngo,"+88 02 8417733-39",BANGLADESH,"admin","2023-10-26 10:00:00","admin","2023-10-26 10:00:00",NGO
7,Naripokkho,নারীপক্ষ,"নারী অধিকার ও স্বাস্থ্যের উপর দৃষ্টি নিবদ্ধ করে নারী অধিকার কর্মী সংগঠন।","১৮/৩ তোপখানা রোড, ঢাকা ১০০০",http://www.naripokkho.org,null,null,null,null,naripokkho@gmail.com,"+88029562723",BANGLADESH,"admin","2023-10-26 10:00:00","admin","2023-10-26 10:00:00",AG
8,CARE Bangladesh,কেয়ার বাংলাদেশ,"মাতৃস্বাস্থ্য এবং এইচআইভি/এইডস প্রতিরোধ সহ জনস্বাস্থ্য বিষয়ে কাজ করে।","RAOWA Complex (Level 7-9), VIP Road Mohakhali, Dhaka -1206",https://www.carebangladesh.org,https://www.facebook.com/CAREinBangladesh/,https://twitter.com/CAREinBD,https://www.linkedin.com/company/care-bangladesh/,null,bgd.info@care.org,"+88 02 5505 8377-83",BANGLADESH,"admin","2023-10-26 10:00:00","admin","2023-10-26 10:00:00",INGO
9,Ashar Alo Society,আশার আলো সোসাইটি,"যত্ন, সহায়তা এবং সচেতনতামূলক কর্মসূচী প্রদানের মাধ্যমে এইচআইভি/এইডস আক্রান্ত ব্যক্তিদের জীবনমানের উন্নতি ঘটায়।","বাড়ি ১৮/১, ব্লক বি, লালমাটিয়া, ঢাকা ১২০৭",http://www.asharalo.org,null,null,null,null,asharalo@gmail.com,"+88029124976",BANGLADESH,"admin","2023-10-26 10:00:00","admin","2023-10-26 10:00:00",NGO
10,Hope Foundation for Women and Children of Bangladesh,হোপ ফাউন্ডেশন ফর উইমেন এন্ড চিলড্রেন অফ বাংলাদেশ,"মাতৃ ও শিশু স্বাস্থ্যের উপর দৃষ্টি নিবদ্ধ করে সুবিধাবঞ্চিত সম্প্রদায়ের জন্য স্বাস্থ্যসেবা প্রদান করে।","বাড়ি ৪৮, রোড ১০এ, ধানমন্ডি, ঢাকা ১২০৯",http://www.hopeforbangladesh.org,https://www.facebook.com/HopeFoundationBangladesh/,null,https://www.linkedin.com/company/hopeforbangladesh/,null,hopefoundation.usoffice@gmail.com,"+888.846.8235",BANGLADESH,"admin","2023-10-26 10:00:00","admin","2023-10-26 10:00:00",NGO
11,Shakti Foundation,শক্তি ফাউন্ডেশন,"স্বাস্থ্য, ক্ষুদ্রঋণ এবং সামাজিক উন্নয়ন কর্মসূচির মাধ্যমে সুবিধাবঞ্চিত নারীদের ক্ষমতায়ন করে।","বাড়ি ২/১০, ব্লক সি, লালমাটিয়া, ঢাকা ১২০৭",http://www.shakti.org.bd,https://www.facebook.com/shaktifoundation/,null,null,null,info@shakti.org.bd,"+88029112921",BANGLADESH,"admin","2023-10-26 10:00:00","admin","2023-10-26 10:00:00",NGO
12,Society for Health Extension and Development (SHED),সোসাইটি ফর হেলথ এক্সটেনশন এন্ড ডেভেলপমেন্ট",null,null,http://www.shedbd.org,null,null,null,null,info@shedbd.org,"+88029112807",BANGLADESH,"admin","2023-10-26 10:00:00","admin","2023-10-26 10:00:00",NGO
13,Bandhu Social Welfare Society,বন্ধু",null,null,https://bdplatform4sdgs.net/profile/bandhu-social-welfare-society-bandhu,null,null,null,null,null,null,BANGLADESH,admin,2023-10-26 10:00:00,"admin","2023-10-26 10:00:00",NGO
14,JAAGO Foundation,null,null,null,null,null,null,null,null,null,null,BANGLADESH,"admin","2023-10-26 10:00:00","admin","2023-10-26 10:00:00",NPO
15,Acid Survivors Foundation,null,null,"Plot: A/5,Level: 6 (CRP-Mirpur),Block: A, Section: 14, Mirpur, Dhaka-1206",null,null,null,null,null,null,"+88 09678777148, 09678777149",BANGLADESH,"admin","2023-10-26 10:00:00","admin","2023-10-26 10:00:00",NPO
16,Blind Education and Rehabilitation Development Organisation,null,null,null,null,null,null,null,null,null,null,BANGLADESH,"admin","2023-10-26 10:00:00","admin","2023-10-26 10:00:00",NPO
17,Fisheries Society of Bangladesh,null,null,null,null,null,null,null,null,null,null,BANGLADESH,"admin","2023-10-26 10:00:00","admin","2023-10-26 10:00:00",NPO
18,Association for Land Reform and Development,null,null,null,null,null,null,null,null,null,null,BANGLADESH,"admin","2023-10-26 10:00:00","admin","2023-10-26 10:00:00",NPO
19,ADRA Bangladesh,null,null,null,null,null,null,null,null,null,null,BANGLADESH,"admin","2023-10-26 10:00:00","admin","2023-10-26 10:00:00",NPO
20,Aims Development Foundation - ADF,null,null,null,null,null,null,null,null,null,null,BANGLADESH,"admin","2023-10-26 10:00:00","admin","2023-10-26 10:00:00",NPO
21,ACORD,null,"Mainstay projects of ACORD focus on human rights, Disability work, legal support, mediation/ADR, human security, violence prevention and peace building, livelihood security, humanitarian support, human trafficking, prevention, child sexual abuse prevention, female empowerment, fair international trade, debt exemption, Narshingdi", Dhaka,null,null,null,null,null,null,null,BANGLADESH,"admin","2023-10-26 10:00:00","admin","2023-10-26 10:00:00",NPO
22,Aine Sohayata Kendro Asok Foundation,null,"1) As a human rights organization, our organization has been working on human rights issues in various countries including Bangladesh 2) Our organization is a charitable non-political and non-profit making human rights organization engaged in the service of humanity, governed by the Trust Act of 1882. 3) Our organization provides legal assistance to the helpless oppressed people. 4) Our organizati.","Dhaka-1230, Asia, BD",null,null,null,null,null,null,null,BANGLADESH,"admin","2023-10-26 10:00:00","admin","2023-10-26 10:00:00",NPO
23,Be Desi Children's Foundation,null,"BDCF, a student-run nonprofit organization, was created in 2020 by high school students in the New York City Metropolitan area. Since then, we have grown to over 215 high school and undergraduate volunteers, in 4 different countries. Since 2020, we have raised over $37,000 in research grants and other awards. Our Relocation Relief Schools (RRS), which are 3-year temporary formal schools in slum re.","Gulshan, Dhaka, BD",null,null,null,null,null,null,null,BANGLADESH,"admin","2023-10-26 10:00:00","admin","2023-10-26 10:00:00",NPO
24,Bidyanondo Foundation,null,"Bidyanondo (Learn For Fun) is an educational voluntary organization in Bangladesh(Official Registration No.S-12258/2015) whose mission is to foster philanthropy domestically and internationally by designing innovative programs that engage students & professionals with disadvantaged communities in Bangladesh and work.","Dhaka, Dhaka, BD",null,null,null,null,null,null,null,BANGLADESH,"admin","2023-10-26 10:00:00","admin","2023-10-26 10:00:00",NPO
25,UBINIG,null,"Unnayan Bikalper Nitinirdharoni Gobeshona, research, policy, advocacy agency, opposes industrial agriculture.",null,null,null,null,null,null,null,null,BANGLADESH,"admin","2023-10-26 10:00:00","admin","2023-10-26 10:00:00",NPO
26,Bangladesh NGOs Network for Radio and Communication,null,works on media development and digital transformation for civil society organizations,null,https://bnnrc.net/,null,null,null,null,null,null,BANGLADESH,"admin","2023-10-26 10:00:00","admin","2023-10-26 10:00:00",NPO
27,Save the Children,null,"works extensively in areas such as health, education, and child protection",null,null,null,null,null,null,null,null,BANGLADESH,"admin","2023-10-26 10:00:00","admin","2023-10-26 10:00:00",CO
28,Oxfam,null,"addresses a wide range of needs, from poverty alleviation to disaster response",null,null,null,null,null,null,null,null,BANGLADESH,"admin","2023-10-26 10:00:00","admin","2023-10-26 10:00:00",CO
29,Agami Education Foundation,null,dedicated to education,null,null,null,null,null,null,null,null,BANGLADESH,"admin","2023-10-26 10:00:00","admin","2023-10-26 10:00:00",CO
30,Action Against Hunger,null,addresses hunger and malnutrition,null,https://www.actionagainsthunger.org/location/asia/bangladesh/,null,null,null,null,null,null,BANGLADESH,"admin","2023-10-26 10:00:00","admin","2023-10-26 10:00:00",CO
31,Baitun Noor Foundation,null,focuses on improving communities through education and humanitarian aid,null,https://www.baitunnoor.com.bd/,null,null,null,null,null,null,BANGLADESH,"admin","2023-10-26 10:00:00","admin","2023-10-26 10:00:00",CO
32,BACHAO,null,identifies and funds projects run by other secular and non-political charitable organizations in Bangladesh,null,https://www.bachaohelp.org/,null,null,null,null,null,null,BANGLADESH,"admin","2023-10-26 10:00:00","admin","2023-10-26 10:00:00",CO
33,Community Based Health Care (CBHC),null,"national strategy to provide primary healthcare services, strengthen community clinics, and improve maternal, newborn, and child care",null,null,null,null,null,null,null,null,BANGLADESH,"admin","2023-10-26 10:00:00","admin","2023-10-26 10:00:00",CBO
34,Shalom,null,responds to humanitarian crises and initiates development activities to support the poor and oppressed,null,https://churchofbangladesh.org/ministry/shalom/,null,null,null,null,senoyshalom@gmail.com,"+88-02-47111017",BANGLADESH,"admin","2023-10-26 10:00:00","admin","2023-10-26 10:00:00",FBO
35,Foundation for Advancement of Innovations in Technology and Health (faith Bangladesh),null,improves the health and livelihoods of people living in resource-poor communities through innovative technological and health-related solutions,null,https://www.faithbangladesh.org/,null,null,null,null,communications@faithbangladesh.org,null,BANGLADESH,"admin","2023-10-26 10:00:00","admin","2023-10-26 10:00:00",FBO
36,LAMB,null,"focuses on maternal and child health, family planning, nutrition, immunization, water and sanitation, and overall health systems strengthening in rural areas",null,https://www.lambproject.org/,null,null,null,null,null,"P 775.687.9115 (Carson City Office), P 702.486.6458 (Las Vegas Office)",BANGLADESH,"admin","2023-10-26 10:00:00","admin","2023-10-26 10:00:00",FBO
37,World Renew,null,"focuses on maternal and child health, family planning, nutrition, immunization, water and sanitation, and overall health systems strengthening in rural areas",null,https://worldrenew.net/bangladesh,null,null,null,null,worldrenew.feedback@gmail.com,"+88-02-8419171",BANGLADESH,"admin","2023-10-26 10:00:00","admin","2023-10-26 10:00:00",FBO
38,Lutheran Health Care Bangladesh-USA,null,provides healthcare services through a 44-bed hospital and implements community development programs,null,http://www.lhcb-usa.org,null,null,null,null,billbobbjr@gmail.com,"7635441021",BANGLADESH,"admin","2023-10-26 10:00:00","admin","2023-10-26 10:00:00",FBO
39,ActionAid,null,overcoming poverty,null,null,null,null,null,null,null,null,BANGLADESH,"admin","2023-10-26 10:00:00","admin","2023-10-26 10:00:00",INGO
40,Adventist Development and Relief Agency,null,null,null,null,null,null,null,null,null,null,BANGLADESH,"admin","2023-10-26 10:00:00","admin","2023-10-26 10:00:00",INGO
41,CAFOD,null,working through partner agency Action on Disability and Development,null,null,null,null,null,null,null,null,BANGLADESH,"admin","2023-10-26 10:00:00","admin","2023-10-26 10:00:00",INGO
42,Caritas Internationalis,null,null,null,null,null,null,null,null,null,null,BANGLADESH,"admin","2023-10-26 10:00:00","admin","2023-10-26 10:00:00",INGO
43,Carter Center,null,"democracy, health",null,null,null,null,null,null,null,null,BANGLADESH,"admin","2023-10-26 10:00:00","admin","2023-10-26 10:00:00",INGO
44,Childreach International,null,null,null,null,null,null,null,null,null,null,BANGLADESH,"admin","2023-10-26 10:00:00","admin","2023-10-26 10:00:00",INGO
45,Christian Commission for Development in Bangladesh,null,null,null,null,null,null,null,null,null,null,BANGLADESH,"admin","2023-10-26 10:00:00","admin","2023-10-26 10:00:00",INGO
46,The Fred Hollows Foundation,null,eye health,null,null,null,null,null,null,null,null,BANGLADESH,"admin","2023-10-26 10:00:00","admin","2023-10-26 10:00:00",INGO
47,Habitat for Humanity,null,Habitat Bangladesh,null,null,null,null,null,null,null,null,BANGLADESH,"admin","2023-10-26 10:00:00","admin","2023-10-26 10:00:00",INGO
48,Helen Keller International,null,null,null,https://www.helenkellerintl.org/,null,null,null,null,null,null,BANGLADESH,"admin","2023-10-26 10:00:00","admin","2023-10-26 10:00:00",INGO
49,Oxfam,null,null,null,null,null,null,null,null,null,null,BANGLADESH,"admin","2023-10-26 10:00:00","admin","2023-10-26 10:00:00",INGO
50,Save the Children,null,"improving children's health, education, and protection",null,https://www.savethechildren.org/us/where-we-work/bangladesh,null,null,null,null,null,null,BANGLADESH,"admin","2023-10-26 10:00:00","admin","2023-10-26 10:00:00",INGO
51,PATH,null,strengthen health systems through innovative approaches,null,https://www.path.org/where-we-work/asia-pacific/bangladesh/,null,null,null,null,null,null,BANGLADESH,"admin","2023-10-26 10:00:00","admin","2023-10-26 10:00:00",INGO
52,Doctors Without Borders (Médecins Sans Frontières),null,provides medical services in response to refugee emergencies and for neglected communities,null,https://www.doctorswithoutborders.org/what-we-do/where-we-work/bangladesh,null,null,null,null,null,null,BANGLADESH,"admin","2023-10-26 10:00:00","admin","2023-10-26 10:00:00",INGO
53,World Vision International,null,working on emergency relief and building community resilience,null,https://www.wvi.org/bangladesh,null,null,null,null,null,null,BANGLADESH,"admin","2023-10-26 10:00:00","admin","2023-10-26 10:00:00",INGO
54,International Rescue Committee (IRC),null,works to protect and provide aid to refugees and crisis-affected communities,null,https://www.rescue.org/country/bangladesh,null,null,null,null,null,null,BANGLADESH,"admin","2023-10-26 10:00:00","admin","2023-10-26 10:00:00",INGO
55,Bangladesh Institute of Child Health,null,null,null,null,null,null,null,null,null,null,BANGLADESH,"admin","2023-10-26 10:00:00","admin","2023-10-26 10:00:00",RI
56,Bangladesh Medical Research Council,null,null,null,null,null,null,null,null,null,null,BANGLADESH,"admin","2023-10-26 10:00:00","admin","2023-10-26 10:00:00",RI
57,"BIRDEM (Bangladesh Institute of Research and Rehabilitation in Diabetes, Endocrine and Metabolic Disorders)",null,null,null,null,null,null,null,null,null,null,BANGLADESH,"admin","2023-10-26 10:00:00","admin","2023-10-26 10:00:00",RI
58,Institute of Epidemiology Disease Control and Research (IEDCR),null,null,null,null,null,null,null,null,null,null,BANGLADESH,"admin","2023-10-26 10:00:00","admin","2023-10-26 10:00:00",RI
59,Institute of Public Health (Bangladesh),null,null,null,null,null,null,null,null,null,null,BANGLADESH,"admin","2023-10-26 10:00:00","admin","2023-10-26 10:00:00",RI
60,"Public Health Foundation, Bangladesh",null,aims to establish a fairer and healthier society through evidence-based actions and research,null,https://publichealthfoundation.org.bd/,https://www.facebook.com/publichealthfoundationbd/,null,https://www.linkedin.com/company/public-health-foundation-of-bangladesh/,https://www.youtube.com/channel/UCKAFyzvH136Wl1TfmXF9xDA,info@publichealthfoundation.org.bd,"+8801329647969",BANGLADESH,"admin","2023-10-26 10:00:00","admin","2023-10-26 10:00:00",MF
61,Child Health Research Foundation (CHRF),null,works to prevent infections and save children's lives by generating evidence and advocating for policy changes,null,https://chrfbd.org/,https://www.facebook.com/bdchrf,https://twitter.com/chrfbd?lang=en,https://www.linkedin.com/company/child-health-research-foundation/,https://www.youtube.com/channel/UCo5luDH7uchr4fWVlTyE0Og/featured,info@chrfbd.org,"+880 2 48110117-8",BANGLADESH,"admin","2023-10-26 10:00:00","admin","2023-10-26 10:00:00",MF
62,Bangladesh Life Science & Medical Technology Foundation,null,focuses on human resource development within the medical technology sector,null,https://bangladesh-lsmtfboard.com/,null,null,null,null,chairmanlifescience@gmail.com,"01716 604148",BANGLADESH,"admin","2023-10-26 10:00:00","admin","2023-10-26 10:00:00",MF
63,Community Health Foundation Bangladesh,null,supports initiatives like the Community Based Medical College Bangladesh,null,null,null,null,null,null,null,null,BANGLADESH,"admin","2023-10-26 10:00:00","admin","2023-10-26 10:00:00",MF
64,Integrative Doctors Association of Bangaldesh,null,advocates for practitioners of alternative medicine,null,https://www.idabbd.org/,https://www.facebook.com/idabbd/,https://twitter.com/idab_bd,https://www.linkedin.com/in/dr-md-golam-masud-mridha-phd-90081128b/,https://www.youtube.com/@idabbangladesh4033,null,"+8801831363666",BANGLADESH,"admin","2023-10-26 10:00:00","admin","2023-10-26 10:00:00",PA
65,Bangladesh Nurses Association,null,works to promote nursing standards and the welfare of nurses,null,https://bna.org.bd/,null,null,null,null,null,null,BANGLADESH,"admin","2023-10-26 10:00:00","admin","2023-10-26 10:00:00",PA
66,Bangladesh Health Professions Institute (BHPI),null,focuses on producing skilled rehabilitation professionals,null,https://www.bhpi.edu.bd/,null,null,null,null,principal-bhpi@crp-bangladesh.org,null,BANGLADESH,"admin","2023-10-26 10:00:00","admin","2023-10-26 10:00:00",PA
67,Bangladesh Medical Association (BMA),null,serves as the national professional association for medical doctors,null,https://www.bma.org.bd/,null,null,null,null,bma.org.bd@gmail.com,"+8802-223388714",BANGLADESH,"admin","2023-10-26 10:00:00","admin","2023-10-26 10:00:00",PA
68,Association of Physicians of Bangladesh (APB),null,represents specialists in internal medicine,null,https://apbbd.org/,null,null,null,null,null,null,BANGLADESH,"admin","2023-10-26 10:00:00","admin","2023-10-26 10:00:00",PA
69,Bangladesh Medical Students' Society (BMSS),null,provides a platform for medical students,null,https://bmssbangladesh.org/,null,null,null,null,null,null,BANGLADESH,"admin","2023-10-26 10:00:00","admin","2023-10-26 10:00:00",PA
70,WHO Bangladesh,null,provides leadership and technical support in the health sector,null,https://www.who.int/bangladesh/,null,null,null,https://www.youtube.com/channel/UCLvAY5BvbChXYiwUVC97SpQ,sebanregistry@who.int,"88 0960 40 27200",BANGLADESH,"admin","2023-10-26 10:00:00","admin","2023-10-26 10:00:00",AG
71,Bangladesh Health Watch,null,serves as a multi-stakeholder civil society network dedicated to improving the health system through research and policy advocacy,null,https://bangladeshhealthwatch.org/,null,null,null,null,bhw@bracu.ac.bd,null,BANGLADESH,"admin","2023-10-26 10:00:00","admin","2023-10-26 10:00:00",AG
72,SERAC Bangladesh,null,advocates for the inclusion of access to healthcare as a fundamental human right in the constitution,null,https://serac-bd.org/,null,null,null,null,null,null,BANGLADESH,"admin","2023-10-26 10:00:00","admin","2023-10-26 10:00:00",AG
73,Health for All Coalition,null,advocates for universal health coverage,null,http://healthforall.org/,null,null,null,null,null,null,BANGLADESH,"admin","2023-10-26 10:00:00","admin","2023-10-26 10:00:00",AG
74,BRAC Advocacy for Social Change,null,"focuses on policy reform to achieve broader social impact, including in the health sector",null,https://www.brac.net/program/advocacy-social-change/,null,null,null,null,null,null,BANGLADESH,"admin","2023-10-26 10:00:00","admin","2023-10-26 10:00:00",AG
75,"Partnership for Maternal, Newborn & Child Health (PMNCH)",null,supports national civil society alliances to advocate for improved health outcomes in these areas,null,https://pmnch.who.int/,null,null,null,null,null,null,BANGLADESH,"admin","2023-10-26 10:00:00","admin","2023-10-26 10:00:00",AG
76,Advocacy Incubator,null,supports various advocacy efforts related to health,null,https://www.advocacyincubator.org/,null,null,null,null,null,null,BANGLADESH,"admin","2023-10-26 10:00:00","admin","2023-10-26 10:00:00",AG
77,CARE,null,advocates for the health and empowerment of women and girls,null,https://www.care.org/,null,null,null,null,null,null,BANGLADESH,"admin","2023-10-26 10:00:00","admin","2023-10-26 10:00:00",AG
78,HHRD,null,focuses on providing emergency relief and supporting long-term recovery after disasters,null,https://www1.hhrd.org/,null,null,null,null,null,"(888) 808-HELP (4357)",BANGLADESH,"admin","2023-10-26 10:00:00","admin","2023-10-26 10:00:00",RO
79,UNICEF,null,works to meet the urgent and long-term needs of children and families during emergencies,null,https://www.unicef.org/,null,null,null,null,null,null,BANGLADESH,"admin","2023-10-26 10:00:00","admin","2023-10-26 10:00:00",RO
80,Bangladesh Red Crescent Society,null,"plays a crucial role in disaster response, providing emergency healthcare and other forms of assistance",null,https://www.bdrcs.org,https://www.facebook.com/bdrcs/,https://twitter.com/bdrcs,null,null,info@bdrcs.org,"(880) (2) 48310188 / 48310189",BANGLADESH,"admin","2023-10-26 10:00:00","admin","2023-10-26 10:00:00",RO
81,Voluntary Health Services Society (VHSS),null,aims to advance health policies and priority issues through partnerships and a resource center accessible to the public,null,https://asksource.info/organisations/voluntary-health-services-society-vhss,null,null,null,null,vhss@citecho.net,"+880 2 8112962 / 8115755 / 8117547",BANGLADESH,"admin","2023-10-26 10:00:00","admin","2023-10-26 10:00:00",VHO
82,BDesh Foundation,null,supports healthcare projects alongside poverty alleviation and education programs,null,https://bdeshfoundation.org/,null,null,null,null,null,null,BANGLADESH,"admin","2023-10-26 10:00:00","admin","2023-10-26 10:00:00",PF
83,OBHIZATRIK Foundation,null,provides health and medical support as part of its sustainable development programs,null,https://obhizatrik.org/,null,null,null,null,null,null,BANGLADESH,"admin","2023-10-26 10:00:00","admin","2023-10-26 10:00:00",PF
84,George Harrison Fund for UNICEF,null,supports UNICEF's health and education programs in Bangladesh,null,https://www.unicefusa.org/about-unicef-usa/partnerships/foundations/george-harrison-fund,null,null,null,null,null,null,BANGLADESH,"admin","2023-10-26 10:00:00","admin","2023-10-26 10:00:00",PF
85,IMPACT Foundation Bangladesh,null,"works towards a disability and poverty-free society, with a focus on healthcare interventions",null,https://www.impactfoundationbd.org/,null,null,null,null,null,"+880241022649-51",BANGLADESH,"admin","2023-10-26 10:00:00","admin","2023-10-26 10:00:00",PF
86,BRAC Social Enterprises,null,reinvest their surplus to create social impact in areas like healthcare and livelihoods,null,https://www.brac.net/enterprises,https://facebook.com/bracworld,https://twitter.com/bracworld,https://www.linkedin.com/company/brac,https://youtube.com/bracworld,info@brac.net,"88 02 2222 81265",BANGLADESH,"admin","2023-10-26 10:00:00","admin","2023-10-26 10:00:00",SE
87,Grameen Eye Hospital,null,provides affordable healthcare to the poor,null,null,null,null,null,null,null,null,BANGLADESH,"admin","2023-10-26 10:00:00","admin","2023-10-26 10:00:00",SE
88,Grameen Danone,null,provides nutritious food to the poor,null,null,null,null,null,null,null,null,BANGLADESH,"admin","2023-10-26 10:00:00","admin","2023-10-26 10:00:00",SE
89,Qatar Bangladesh Foundation,null,supports social entrepreneurs in developing healthcare solutions,null,https://qbf.org.bd/,null,null,null,null,null,null,BANGLADESH,"admin","2023-10-26 10:00:00","admin","2023-10-26 10:00:00",SE
90,Surjer Hashi Network,null,operates a large network of clinics providing quality and affordable health and family planning services,null,https://shnnetwork.org/,https://www.facebook.com/SurjerHashiNetwork,https://twitter.com/SurjerHashiNet,https://www.linkedin.com/company/surjer-hashi-network/,https://www.youtube.com/channel/UCIlch9KXeollWXiCyS7bPsg,Info@shnnetwork.org,"+8802-222274620",BANGLADESH,"admin","2023-10-26 10:00:00","admin","2023-10-26 10:00:00",SE
91,GoodHope Insure,null,offers a range of health insurance packages,null,https://www.goodhope.com.bd/,null,null,null,null,info@goodhope.com.bd,"+8801711025165",BANGLADESH,"admin","2023-10-26 10:00:00","admin","2023-10-26 10:00:00",HIP
92,Green Delta Insurance,null,"provides various insurance products, including health insurance plans",null,https://green-delta.com/,null,null,null,null,null,"16457",BANGLADESH,"admin","2023-10-26 10:00:00","admin","2023-10-26 10:00:00",HIP
93,MetLife,null,offers health insurance solutions,null,https://www.metlife.com.bd/,null,null,null,null,null,null,BANGLADESH,"admin","2023-10-26 10:00:00","admin","2023-10-26 10:00:00",HIP
94,Carnival Assure,null,"acts as an insurance aggregator, offering health insurance plans from multiple providers",null,https://carnivalassure.com.bd/,null,null,null,null,null,null,BANGLADESH,"admin","2023-10-26 10:00:00","admin","2023-10-26 10:00:00",HIP
95,National Healthcare Network (NHN),null,"operates hospitals and medical centers, focusing on quality Medicare services",null,https://nhn-dab.org.bd/,null,null,null,null,null,null,BANGLADESH,"admin","2023-10-26 10:00:00","admin","2023-10-26 10:00:00",CHN
96,Aalo Clinic,null,provides free medical treatment in urban slum areas of Dhaka,null,https://buhn.org/aalo-clinic,null,null,null,null,null,null,BANGLADESH,"admin","2023-10-26 10:00:00","admin","2023-10-26 10:00:00",CHN
97,AYAT Care,null,null,null,null,null,null,null,null,null,null,BANGLADESH,"admin","2023-10-26 10:00:00","admin","2023-10-26 10:00:00",CHN
98,Apollo Hospitals Dhaka,null,null,null,null,null,null,null,null,null,null,BANGLADESH,"admin","2023-10-26 10:00:00","admin","2023-10-26 10:00:00",CHN
99,Asgar Ali Hospital,null,null,null,null,null,null,null,null,null,null,BANGLADESH,"admin","2023-10-26 10:00:00","admin","2023-10-26 10:00:00",CHN
100,BANGABANDHU SHEIKH MUJIB MEDICAL UNIVERSITY,null,null,null,null,null,null,null,null,null,null,BANGLADESH,"admin","2023-10-26 10:00:00","admin","2023-10-26 10:00:00",CHN
101,Bangkok Hospital Office Bangladesh,null,null,null,null,null,null,null,null,null,null,BANGLADESH,"admin","2023-10-26 10:00:00","admin","2023-10-26 10:00:00",CHN
102,Centre for the Rehabilitation of the Paralysed (CRP),null,null,null,https://www.crp-bangladesh.org/,null,null,null,null,null,"+88 02223371464 - 5",BANGLADESH,"admin","2023-10-26 10:00:00","admin","2023-10-26 10:00:00",CHN
103,Labaid Hospital,null,null,null,null,null,null,null,null,null,null,BANGLADESH,"admin","2023-10-26 10:00:00","admin","2023-10-26 10:00:00",CHN
104,Square Hospitals,null,null,null,null,null,null,null,null,null,null,BANGLADESH,"admin","2023-10-26 10:00:00","admin","2023-10-26 10:00:00",CHN
105,Praava Health,null,offers remote consultations with specialists,null,https://praavahealth.com/,null,null,null,null,null,null,BANGLADESH,"admin","2023-10-26 10:00:00","admin","2023-10-26 10:00:00",TP
106,Grameenphone,null,offers telemedicine services through "Dial 789" service and Tonic platform,null,https://www.grameenphone.com/,null,null,null,null,null,null,BANGLADESH,"admin","2023-10-26 10:00:00","admin","2023-10-26 10:00:00",TP
107,Pulse Healthcare,null,provides telemedicine services,null,https://pulsehealthcare.com.bd/,null,null,null,null,null,null,BANGLADESH,"admin","2023-10-26 10:00:00","admin","2023-10-26 10:00:00",TP
108,DaktarBhai,null,provides telemedicine services,null,https://www.daktarbhai.com/,null,null,null,null,null,null,BANGLADESH,"admin","2023-10-26 10:00:00","admin","2023-10-26 10:00:00",TP
109,e-Hospital Ltd.,null,provides telemedicine services,null,null,null,null,null,null,null,null,BANGLADESH,"admin","2023-10-26 10:00:00","admin","2023-10-26 10:00:00",TP
110,Dhaka University Telemedicine Program,null,provides telemedicine services,null,null,null,null,null,null,null,null,BANGLADESH,"admin","2023-10-26 10:00:00","admin","2023-10-26 10:00:00",TP
111,Jeeon Connect,null,facilitates access to pharmaceutical aids,null,null,null,null,null,null,null,null,BANGLADESH,"admin","2023-10-26 10:00:00","admin","2023-10-26 10:00:00",TP
112,Sebaghar,null,provides a platform for video consultations,null,https://sebaghar.com/,null,null,null,null,null,null,BANGLADESH,"admin","2023-10-26 10:00:00","admin","2023-10-26 10:00:00",TP
113,Department of Health Promotion and Health Education at Bangladesh University of Health Sciences (BUHS),null,offers academic programs in public health,null,https://buhs.ac.bd/buhs-department-of-health-promotion-and-health-education/,null,null,null,null,null,null,BANGLADESH,"admin","2023-10-26 10:00:00","admin","2023-10-26 10:00:00",HEO
114,BACHAO,null,includes health and hygiene education as part of its support for underprivileged communities,null,https://www.bachaohelp.org/,null,null,null,null,null,null,BANGLADESH,"admin","2023-10-26 10:00:00","admin","2023-10-26 10:00:00",HEO
115,Sejuti Health and Education Development Foundation (SHEDF),null,works on enhancing people's capacity for claiming their rights in health and WATSAN,null,https://www.susana.org/community/partners?id=514,null,null,null,null,null,null,BANGLADESH,"admin","2023-10-26 10:00:00","admin","2023-10-26 10:00:00",HEO
116,Bangladesh Disaster Preparedness Center (BDPC),null,provides guidance and training for disaster risk reduction,null,http://www.bdpc.org.bd/,https://www.facebook.com/bdpcdhaka,null,null,http://www.youtube.com/bdpcdhaka,info@bdpc.org.bd,"+88 (02) 986 2169",BANGLADESH,"admin","2023-10-26 10:00:00","admin","2023-10-26 10:00:00",DRO
117,Esho Nije Kori,null,offers counseling services and corporate wellness programs for individuals and organizations facing mental health challenges,null,https://www.eshonijekori.com/,null,null,null,null,info@eshonijekori.com,"+880 1304 037003",BANGLADESH,"admin","2023-10-26 10:00:00","admin","2023-10-26 10:00:00",MHS
118,Moner Bondhu,null,"provides both online and in-person mental health counseling services, including a 24/7 helpline",null,https://monerbondhu.com/,null,null,null,null,info@monerbondhu.com,"+880 1776632344",BANGLADESH,"admin","2023-10-26 10:00:00","admin","2023-10-26 10:00:00",MHS
119,Bangladeshi Mental Health Forum (BMHF),null,works to raise awareness of mental health within the Bangladeshi community and to challenge stigma,null,https://bangladeshimentalhealth.org/,null,null,null,null,shamsur@bangladeshimentalhealth.org,"0771 607 8840",BANGLADESH,"admin","2023-10-26 10:00:00","admin","2023-10-26 10:00:00",MHS
120,Bangladesh Centre For Rehabilitation (BCR),null,"offers integrated services for pain, physiotherapy, and neurological conditions",null,https://www.bcr.com.bd/,https://www.facebook.com/Bangladesh-Centre-for-Rehabilitation-272512341352687/,null,null,null,info@bcr.com.bd,"+880 1958-060777",BANGLADESH,"admin","2023-10-26 10:00:00","admin","2023-10-26 10:00:00",RC
121,Omega Point BD,null,specializes in drug addiction treatment and rehabilitation,null,https://omegapointbd.org/,null,null,null,null,null,"+88 01403215011",BANGLADESH,"admin","2023-10-26 10:00:00","admin","2023-10-26 10:00:00",RC
122,Bangladesh Rehabilitation Centre for Trauma Victims (BRCT),null,focuses on the rehabilitation of torture survivors through a multidisciplinary approach,null,null,null,null,null,null,null,null,BANGLADESH,"admin","2023-10-26 10:00:00","admin","2023-10-26 10:00:00",RC
123,CRP - Centre for the Rehabilitation of the Paralysed,null,provides comprehensive rehabilitation services for people with disabilities,null,https://www.crp-bangladesh.org/,null,null,null,null,info@crp-bangladesh.org,"+88 02223371464 - 5",BANGLADESH,"admin","2023-10-26 10:00:00","admin","2023-10-26 10:00:00",RC
124,Porichorja Rehab Center,null,offers treatment for drug addiction and mental health issues,null,https://porichorjabd.com/,null,null,null,null,null,"+88 01403215011",BANGLADESH,"admin","2023-10-26 10:00:00","admin","2023-10-26 10:00:00",RC
125,Memorial Christian Hospital,null,offers significant obstetrical and surgical care,null,https://abwe.org/memorial-christian-hospital/,null,null,null,null,null,null,BANGLADESH,"admin","2023-10-26 10:00:00","admin","2023-10-26 10:00:00",MMO
126,Aloha Medical Mission,null,runs clinics for women and children,null,https://alohamedicalmission.org/,null,null,null,null,info@alohamedicalmission.org,"(808) 847-3400",BANGLADESH,"admin","2023-10-26 10:00:00","admin","2023-10-26 10:00:00",MMO
127,Global Response Medicine,null,provides volunteer medical care in crisis situations,null,https://global-response.org/,null,null,null,null,info@global-response.org,null,BANGLADESH,"admin","2023-10-26 10:00:00","admin","2023-10-26 10:00:00",MMO
128,Bangladesh Cancer Aid Trust (BANCAT),null,provides comprehensive support and resources for cancer patients,null,https://avpn.asia/organisation/bangladesh-cancer-aid-trust/,null,null,null,null,null,null,BANGLADESH,"admin","2023-10-26 10:00:00","admin","2023-10-26 10:00:00",PSO
129,Hospice Bangladesh,null,offers compassionate palliative care to adults and children with life-limiting illnesses,null,https://iahpc.org/resources/catalogue/global-directory-of-institutions-and-organizations/listing/?id=1027,null,null,null,null,care@hospicebangladesh.com,"+88-09606-788889",BANGLADESH,"admin","2023-10-26 10:00:00","admin","2023-10-26 10:00:00",PSO
130,Noora Health,null,provides training and resources to empower caregivers and patients,null,https://noorahealth.org/bangladesh/,null,null,null,null,info@noorahealth.org,null,BANGLADESH,"admin","2023-10-26 10:00:00","admin","2023-10-26 10:00:00",PSO
131,CANCER CARE AND RESEARCH TRUST BANGLADESH,null,"offers free consultations, financial assistance, and patient counseling for cancer patients",null,https://ccrtbd.org/,null,null,null,null,ccrtbd@gmail.com,null,BANGLADESH,"admin","2023-10-26 10:00:00","admin","2023-10-26 10:00:00",PSO
132,BEDS - Bangladesh Environment And Development Society,null,works towards ecological balance and harmony between humans and nature,null,https://www.bedsbd.org/site,https://web.facebook.com/BEDSBangladesh/,https://twitter.com/BedsBangladesh,null,https://www.youtube.com/channel/UC0ptbs_CYyLsXQlzpurDuqg,info@bedsbd.org,"+ 88 041 721123",BANGLADESH,"admin","2023-10-26 10:00:00","admin","2023-10-26 10:00:00",EHO
133,EHS+ Center - Bangladesh,null,"provides training to industry professionals on health, safety, environmental, and energy management",null,https://sustain.org/program/ehs-center-bangladesh/,null,null,null,null,null,null,BANGLADESH,"admin","2023-10-26 10:00:00","admin","2023-10-26 10:00:00",EHO
134,Center for Environmental and Geographic Information Services (CEGIS),null,works on resource management and environmental sustainability,null,https://www.cegisbd.com/,null,null,null,null,cegis@cegisbd.com,"+880 2 9852353, 9852354",BANGLADESH,"admin","2023-10-26 10:00:00","admin","2023-10-26 10:00:00",EHO
135,Centre for People & Environ (CPE),null,focuses on research and capacity building related to climate resilience and environmental management,null,https://cpe-bd.org/,null,null,null,null,info@cpe-bd.org,null,BANGLADESH,"admin","2023-10-26 10:00:00","admin","2023-10-26 10:00:00",EHO
136,Institute for Sustainable Communities (ISC),null,collaborates with factories to improve resource efficiency and environmental safety,null,https://sustain.org/,null,null,null,null,null,null,BANGLADESH,"admin","2023-10-26 10:00:00","admin","2023-10-26 10:00:00",EHO
137,OSHE Foundation,null,advocates for occupational safety and health in various sectors,null,https://oshefoundation.org/,null,null,null,null,info@oshefoundation.org,"+88-02-9118693, +88-02-9141864",BANGLADESH,"admin","2023-10-26 10:00:00","admin","2023-10-26 10:00:00",EHO
138,CDC (Centers for Disease Control and Prevention),null,works closely with the Government of Bangladesh to strengthen public health capabilities,null,https://www.cdc.gov/global-health/countries/bangladesh.html,null,null,null,null,null,null,UNITED_STATES,"admin","2023-10-26 10:00:00","admin","2023-10-26 10:00:00",GHI
139,Women in Global Health Bangladesh,null,promotes gender equality in health leadership within the country,null,https://womeningh.org/chapters/bangladesh/,wghbangladesh@womeningh.org,null,null,null,null,null,BANGLADESH,"admin","2023-10-26 10:00:00","admin","2023-10-26 10:00:00",GHI
140,Global Alliance for Improved Nutrition,null,null,null,https://www.gainhealth.org/,null,null,null,null,null,null,SWITZERLAND,"admin","2023-10-26 10:00:00","admin","2023-10-26 10:00:00",OTHER
141,World Bank,null,null,null,https://www.worldbank.org/en/country/bangladesh,null,null,null,null,null,null,UNITED_STATES,"admin","2023-10-26 10:00:00","admin","2023-10-26 10:00:00",OTHER
142,Al Basar International Foundation,null,focused on eye health,null,https://albasar.org/,null,null,null,null,null,null,SAUDI_ARABIA,"admin","2023-10-26 10:00:00","admin","2023-10-26 10:00:00",OTHER
143,Nutrition International,null,null,null,https://www.nutritionintl.org/,null,null,null,null,null,null,CANADA,"admin","2023-10-26 10:00:00","admin","2023-10-26 10:00:00",OTHER
144,Monno Medical College & Hospital,null,null,null,null,null,null,null,null,null,null,BANGLADESH,"admin","2023-10-26 10:00:00","admin","2023-10-26 10:00:00",OTHER
145,Ad-din Foundation,null,null,null,http://www.ad-din.org/,null,null,null,null,null,null,BANGLADESH,"admin","2023-10-26 10:00:00","admin","2023-10-26 10:00:00",OTHER
146,Ibn Sina Trust,null,null,null,https://www.ibnsinatrust.com/,null,null,null,null,null,null,BANGLADESH,"admin","2023-10-26 10:00:00","admin","2023-10-26 10:00:00",OTHER
147,Concern Worldwide,null,null,null,https://www.concern.net/,null,null,null,null,null,null,IRELAND,"admin","2023-10-26 10:00:00","admin","2023-10-26 10:00:00",OTHER
148,WaterAid,null,focused on water and sanitation,null,https://www.wateraid.org/,null,null,null,null,null,null,UNITED_KINGDOM,"admin","2023-10-26 10:00:00","admin","2023-10-26 10:00:00",OTHER